"Name","Year","Gender","State","Count"
"Urijah",2009,"M","AK",5
"Uriah",2011,"M","AK",5
"Unique",2012,"F","AL",5
"Uriel",2000,"M","AL",5
"Uriel",2001,"M","AL",5
"Uriel",2002,"M","AL",5
"Uriel",2006,"M","AL",6
"Uriel",2007,"M","AL",8
"Uriel",2008,"M","AL",8
"Uriah",2008,"M","AL",5
"Urijah",2008,"M","AL",5
"Uriah",2009,"M","AL",6
"Urijah",2009,"M","AL",5
"Uriah",2010,"M","AL",8
"Ulises",2010,"M","AL",5
"Uriah",2011,"M","AL",6
"Uriel",2011,"M","AL",6
"Ulises",2011,"M","AL",5
"Urijah",2011,"M","AL",5
"Uriah",2012,"M","AL",7
"Ulises",2012,"M","AL",5
"Uriah",2013,"M","AL",5
"Uriah",2014,"M","AL",8
"Unique",2012,"F","AR",5
"Uriel",2001,"M","AR",7
"Uriel",2003,"M","AR",6
"Uriel",2004,"M","AR",5
"Uriel",2005,"M","AR",6
"Ulises",2007,"M","AR",5
"Uriel",2008,"M","AR",5
"Uriel",2009,"M","AR",10
"Uriah",2009,"M","AR",8
"Urijah",2009,"M","AR",6
"Uriah",2010,"M","AR",8
"Uriel",2010,"M","AR",6
"Urijah",2010,"M","AR",6
"Uriah",2012,"M","AR",5
"Uriah",2014,"M","AR",5
"Unique",1999,"F","AZ",7
"Unique",2000,"F","AZ",7
"Unique",2001,"F","AZ",7
"Unique",2002,"F","AZ",6
"Unique",2003,"F","AZ",5
"Unique",2004,"F","AZ",11
"Unique",2005,"F","AZ",11
"Unique",2006,"F","AZ",5
"Unique",2007,"F","AZ",6
"Unique",2008,"F","AZ",9
"Unique",2009,"F","AZ",9
"Unique",2010,"F","AZ",9
"Unique",2011,"F","AZ",12
"Unique",2012,"F","AZ",11
"Unique",2013,"F","AZ",8
"Unique",2014,"F","AZ",7
"Uriel",1997,"M","AZ",23
"Ulises",1997,"M","AZ",8
"Uriel",1998,"M","AZ",24
"Ulises",1998,"M","AZ",18
"Ulisses",1998,"M","AZ",5
"Ulysses",1998,"M","AZ",5
"Ulises",1999,"M","AZ",25
"Uriel",1999,"M","AZ",21
"Ulysses",1999,"M","AZ",9
"Uriah",1999,"M","AZ",5
"Ulises",2000,"M","AZ",19
"Uriel",2000,"M","AZ",11
"Ulysses",2000,"M","AZ",9
"Ulisses",2000,"M","AZ",8
"Uriah",2000,"M","AZ",8
"Uriel",2001,"M","AZ",27
"Ulises",2001,"M","AZ",18
"Ulysses",2001,"M","AZ",7
"Uriah",2001,"M","AZ",7
"Ubaldo",2001,"M","AZ",5
"Uriel",2002,"M","AZ",27
"Ulises",2002,"M","AZ",26
"Ulysses",2002,"M","AZ",9
"Ubaldo",2002,"M","AZ",6
"Uriah",2002,"M","AZ",6
"Uziel",2002,"M","AZ",5
"Uriel",2003,"M","AZ",33
"Ulises",2003,"M","AZ",21
"Uriah",2003,"M","AZ",9
"Uriel",2004,"M","AZ",26
"Ulises",2004,"M","AZ",14
"Uriah",2004,"M","AZ",7
"Uriel",2005,"M","AZ",42
"Ulises",2005,"M","AZ",22
"Ulysses",2005,"M","AZ",6
"Ubaldo",2005,"M","AZ",5
"Ulices",2005,"M","AZ",5
"Uriel",2006,"M","AZ",43
"Ulises",2006,"M","AZ",23
"Uriah",2006,"M","AZ",9
"Ulysses",2006,"M","AZ",7
"Uziel",2006,"M","AZ",5
"Uriel",2007,"M","AZ",33
"Ulises",2007,"M","AZ",26
"Uriah",2007,"M","AZ",9
"Ulysses",2007,"M","AZ",8
"Ubaldo",2007,"M","AZ",6
"Uriel",2008,"M","AZ",37
"Ulises",2008,"M","AZ",23
"Ulysses",2008,"M","AZ",15
"Uriah",2008,"M","AZ",8
"Ubaldo",2008,"M","AZ",6
"Ulisses",2008,"M","AZ",5
"Urijah",2008,"M","AZ",5
"Uriel",2009,"M","AZ",28
"Ulises",2009,"M","AZ",16
"Uriah",2009,"M","AZ",10
"Uziel",2009,"M","AZ",8
"Ulysses",2009,"M","AZ",6
"Uriel",2010,"M","AZ",16
"Uriah",2010,"M","AZ",14
"Urijah",2010,"M","AZ",14
"Ulises",2010,"M","AZ",10
"Ulysses",2010,"M","AZ",9
"Uziel",2010,"M","AZ",5
"Ulises",2011,"M","AZ",21
"Uriel",2011,"M","AZ",18
"Ulysses",2011,"M","AZ",16
"Uriah",2011,"M","AZ",14
"Urijah",2011,"M","AZ",9
"Uriel",2012,"M","AZ",19
"Uriah",2012,"M","AZ",13
"Urijah",2012,"M","AZ",13
"Ulises",2012,"M","AZ",7
"Ulysses",2012,"M","AZ",7
"Uriel",2013,"M","AZ",19
"Uriah",2013,"M","AZ",17
"Ulises",2013,"M","AZ",15
"Urijah",2013,"M","AZ",7
"Uriah",2014,"M","AZ",18
"Uriel",2014,"M","AZ",15
"Ulises",2014,"M","AZ",12
"Urijah",2014,"M","AZ",8
"Uziel",2014,"M","AZ",8
"Unique",1997,"F","CA",50
"Ursula",1997,"F","CA",10
"Uma",1997,"F","CA",9
"Unknown",1997,"F","CA",5
"Unique",1998,"F","CA",49
"Ursula",1998,"F","CA",10
"Uma",1998,"F","CA",7
"Unique",1999,"F","CA",43
"Ursula",1999,"F","CA",8
"Uma",1999,"F","CA",6
"Unique",2000,"F","CA",42
"Uma",2000,"F","CA",8
"Ursula",2000,"F","CA",8
"Ulyssa",2000,"F","CA",5
"Uriah",2000,"F","CA",5
"Unique",2001,"F","CA",37
"Uma",2001,"F","CA",8
"Una",2001,"F","CA",6
"Ursula",2001,"F","CA",5
"Unique",2002,"F","CA",42
"Uriah",2002,"F","CA",8
"Uma",2002,"F","CA",7
"Unique",2003,"F","CA",29
"Uma",2003,"F","CA",13
"Ursula",2003,"F","CA",7
"Unknown",2003,"F","CA",6
"Una",2003,"F","CA",5
"Uriah",2003,"F","CA",5
"Unique",2004,"F","CA",38
"Uma",2004,"F","CA",14
"Una",2004,"F","CA",7
"Unity",2004,"F","CA",5
"Ursula",2004,"F","CA",5
"Unique",2005,"F","CA",39
"Uma",2005,"F","CA",17
"Una",2005,"F","CA",7
"Unique",2006,"F","CA",44
"Uma",2006,"F","CA",14
"Ursula",2006,"F","CA",6
"Una",2006,"F","CA",5
"Uriah",2006,"F","CA",5
"Unique",2007,"F","CA",30
"Uma",2007,"F","CA",17
"Una",2007,"F","CA",6
"Uriah",2007,"F","CA",6
"Ulani",2007,"F","CA",5
"Unique",2008,"F","CA",30
"Uma",2008,"F","CA",13
"Uriah",2008,"F","CA",6
"Una",2008,"F","CA",5
"Unique",2009,"F","CA",37
"Uma",2009,"F","CA",13
"Una",2009,"F","CA",7
"Uriah",2009,"F","CA",7
"Unity",2009,"F","CA",6
"Unique",2010,"F","CA",29
"Uma",2010,"F","CA",18
"Ursula",2010,"F","CA",5
"Unique",2011,"F","CA",23
"Uma",2011,"F","CA",7
"Ursula",2011,"F","CA",5
"Unique",2012,"F","CA",28
"Uma",2012,"F","CA",12
"Ursula",2012,"F","CA",11
"Una",2012,"F","CA",6
"Umaiza",2012,"F","CA",5
"Unity",2012,"F","CA",5
"Uriah",2012,"F","CA",5
"Uriyah",2012,"F","CA",5
"Unique",2013,"F","CA",24
"Uma",2013,"F","CA",8
"Una",2013,"F","CA",5
"Uma",2014,"F","CA",17
"Unique",2014,"F","CA",16
"Una",2014,"F","CA",9
"Unknown",2014,"F","CA",6
"Ursula",2014,"F","CA",6
"Ulyana",2014,"F","CA",5
"Uriel",1997,"M","CA",135
"Ulises",1997,"M","CA",116
"Ulysses",1997,"M","CA",71
"Ulices",1997,"M","CA",22
"Ubaldo",1997,"M","CA",21
"Ulisses",1997,"M","CA",18
"Uriah",1997,"M","CA",12
"Ulyses",1997,"M","CA",10
"Uziel",1997,"M","CA",10
"Unknown",1997,"M","CA",9
"Umar",1997,"M","CA",7
"Ulises",1998,"M","CA",155
"Uriel",1998,"M","CA",143
"Ulysses",1998,"M","CA",87
"Ulyses",1998,"M","CA",19
"Ulices",1998,"M","CA",14
"Ubaldo",1998,"M","CA",13
"Ulisses",1998,"M","CA",11
"Uziel",1998,"M","CA",10
"Umar",1998,"M","CA",7
"Usman",1998,"M","CA",7
"Uriah",1998,"M","CA",6
"Ulises",1999,"M","CA",183
"Uriel",1999,"M","CA",160
"Ulysses",1999,"M","CA",113
"Ulisses",1999,"M","CA",28
"Ulices",1999,"M","CA",22
"Ubaldo",1999,"M","CA",13
"Uriah",1999,"M","CA",12
"Uziel",1999,"M","CA",12
"Ulyses",1999,"M","CA",10
"Umar",1999,"M","CA",6
"Usman",1999,"M","CA",5
"Uzziel",1999,"M","CA",5
"Uriel",2000,"M","CA",174
"Ulises",2000,"M","CA",169
"Ulysses",2000,"M","CA",72
"Ulices",2000,"M","CA",28
"Ulisses",2000,"M","CA",24
"Uriah",2000,"M","CA",19
"Ubaldo",2000,"M","CA",18
"Uziel",2000,"M","CA",14
"Ulyses",2000,"M","CA",8
"Umar",2000,"M","CA",7
"Usiel",2000,"M","CA",6
"Usman",2000,"M","CA",5
"Uriel",2001,"M","CA",160
"Ulises",2001,"M","CA",151
"Ulysses",2001,"M","CA",89
"Ulisses",2001,"M","CA",22
"Ulices",2001,"M","CA",19
"Ulyses",2001,"M","CA",14
"Uziel",2001,"M","CA",14
"Uvaldo",2001,"M","CA",7
"Uriah",2001,"M","CA",6
"Ubaldo",2001,"M","CA",5
"Urian",2001,"M","CA",5
"Uzziel",2001,"M","CA",5
"Ulises",2002,"M","CA",145
"Uriel",2002,"M","CA",135
"Ulysses",2002,"M","CA",69
"Ulisses",2002,"M","CA",24
"Ubaldo",2002,"M","CA",19
"Ulices",2002,"M","CA",18
"Uziel",2002,"M","CA",13
"Uriah",2002,"M","CA",11
"Ulyses",2002,"M","CA",10
"Umar",2002,"M","CA",5
"Usman",2002,"M","CA",5
"Uriel",2003,"M","CA",170
"Ulises",2003,"M","CA",100
"Ulysses",2003,"M","CA",42
"Ulices",2003,"M","CA",22
"Ubaldo",2003,"M","CA",19
"Ulisses",2003,"M","CA",19
"Uziel",2003,"M","CA",13
"Uriah",2003,"M","CA",10
"Unknown",2003,"M","CA",7
"Usman",2003,"M","CA",7
"Uzziel",2003,"M","CA",7
"Uriel",2004,"M","CA",165
"Ulises",2004,"M","CA",138
"Ulysses",2004,"M","CA",66
"Uriah",2004,"M","CA",16
"Ulisses",2004,"M","CA",15
"Ulyses",2004,"M","CA",12
"Uziel",2004,"M","CA",12
"Ubaldo",2004,"M","CA",11
"Ulices",2004,"M","CA",11
"Umar",2004,"M","CA",8
"Uzziel",2004,"M","CA",6
"Uriel",2005,"M","CA",222
"Ulises",2005,"M","CA",171
"Ulysses",2005,"M","CA",56
"Ulices",2005,"M","CA",23
"Uziel",2005,"M","CA",19
"Ulisses",2005,"M","CA",14
"Ulyses",2005,"M","CA",9
"Uriah",2005,"M","CA",9
"Umar",2005,"M","CA",8
"Ubaldo",2005,"M","CA",7
"Unknown",2005,"M","CA",6
"Uday",2005,"M","CA",5
"Uriel",2006,"M","CA",218
"Ulises",2006,"M","CA",186
"Ulysses",2006,"M","CA",60
"Ulisses",2006,"M","CA",22
"Uziel",2006,"M","CA",22
"Uriah",2006,"M","CA",21
"Ulices",2006,"M","CA",20
"Ubaldo",2006,"M","CA",11
"Ulyses",2006,"M","CA",9
"Usman",2006,"M","CA",7
"Unknown",2006,"M","CA",6
"Uriel",2007,"M","CA",199
"Ulises",2007,"M","CA",160
"Ulysses",2007,"M","CA",67
"Uriah",2007,"M","CA",26
"Ulices",2007,"M","CA",22
"Ulisses",2007,"M","CA",22
"Uziel",2007,"M","CA",16
"Ulyses",2007,"M","CA",11
"Unknown",2007,"M","CA",10
"Ubaldo",2007,"M","CA",9
"Umar",2007,"M","CA",9
"Urijah",2007,"M","CA",9
"Uzziel",2007,"M","CA",8
"Uri",2007,"M","CA",6
"Umair",2007,"M","CA",5
"Uzziah",2007,"M","CA",5
"Uriel",2008,"M","CA",214
"Ulises",2008,"M","CA",158
"Ulysses",2008,"M","CA",63
"Uriah",2008,"M","CA",46
"Urijah",2008,"M","CA",36
"Uziel",2008,"M","CA",22
"Ulices",2008,"M","CA",19
"Ulisses",2008,"M","CA",12
"Uzziel",2008,"M","CA",12
"Ubaldo",2008,"M","CA",11
"Usman",2008,"M","CA",8
"Umar",2008,"M","CA",7
"Unknown",2008,"M","CA",7
"Uday",2008,"M","CA",5
"Uriel",2009,"M","CA",211
"Ulises",2009,"M","CA",144
"Uriah",2009,"M","CA",75
"Urijah",2009,"M","CA",56
"Ulysses",2009,"M","CA",51
"Uziel",2009,"M","CA",27
"Ulisses",2009,"M","CA",23
"Ulices",2009,"M","CA",18
"Ulyses",2009,"M","CA",9
"Ubaldo",2009,"M","CA",8
"Uzziel",2009,"M","CA",7
"Umar",2009,"M","CA",6
"Uri",2009,"M","CA",6
"Unknown",2009,"M","CA",5
"Ulises",2010,"M","CA",146
"Uriel",2010,"M","CA",144
"Urijah",2010,"M","CA",56
"Ulysses",2010,"M","CA",52
"Uriah",2010,"M","CA",47
"Ulisses",2010,"M","CA",19
"Uziel",2010,"M","CA",16
"Ubaldo",2010,"M","CA",10
"Uzziah",2010,"M","CA",10
"Uriyah",2010,"M","CA",8
"Uri",2010,"M","CA",7
"Uzziel",2010,"M","CA",7
"Ulyses",2010,"M","CA",6
"Usman",2010,"M","CA",6
"Ulices",2010,"M","CA",5
"Uriel",2011,"M","CA",181
"Ulises",2011,"M","CA",104
"Uriah",2011,"M","CA",72
"Urijah",2011,"M","CA",55
"Ulysses",2011,"M","CA",53
"Uziel",2011,"M","CA",16
"Ulisses",2011,"M","CA",10
"Ulices",2011,"M","CA",9
"Umar",2011,"M","CA",8
"Uriyah",2011,"M","CA",7
"Ubaldo",2011,"M","CA",6
"Uzziel",2011,"M","CA",6
"Uziah",2011,"M","CA",5
"Uzziah",2011,"M","CA",5
"Uriel",2012,"M","CA",141
"Ulises",2012,"M","CA",116
"Uriah",2012,"M","CA",65
"Ulysses",2012,"M","CA",39
"Urijah",2012,"M","CA",38
"Uziel",2012,"M","CA",20
"Ulices",2012,"M","CA",10
"Ulisses",2012,"M","CA",10
"Uzziah",2012,"M","CA",8
"Uzair",2012,"M","CA",6
"Uzziel",2012,"M","CA",6
"Ubaldo",2012,"M","CA",5
"Uriel",2013,"M","CA",137
"Uriah",2013,"M","CA",80
"Ulises",2013,"M","CA",77
"Ulysses",2013,"M","CA",48
"Urijah",2013,"M","CA",44
"Uziel",2013,"M","CA",16
"Ubaldo",2013,"M","CA",10
"Ulisses",2013,"M","CA",10
"Umar",2013,"M","CA",10
"Unknown",2013,"M","CA",6
"Usman",2013,"M","CA",6
"Uzziah",2013,"M","CA",6
"Ulices",2013,"M","CA",5
"Ulyses",2013,"M","CA",5
"Umair",2013,"M","CA",5
"Uri",2013,"M","CA",5
"Urias",2013,"M","CA",5
"Uriel",2014,"M","CA",144
"Ulises",2014,"M","CA",85
"Uriah",2014,"M","CA",81
"Ulysses",2014,"M","CA",49
"Urijah",2014,"M","CA",40
"Uziel",2014,"M","CA",17
"Umar",2014,"M","CA",7
"Ulices",2014,"M","CA",6
"Uriyah",2014,"M","CA",6
"Uzziel",2014,"M","CA",6
"Ubaldo",2014,"M","CA",5
"Uzziah",2014,"M","CA",5
"Unique",1998,"F","CO",6
"Unique",1999,"F","CO",8
"Unique",2000,"F","CO",6
"Unique",2001,"F","CO",5
"Unique",2002,"F","CO",5
"Unique",2003,"F","CO",6
"Unique",2005,"F","CO",6
"Unique",2009,"F","CO",5
"Unique",2014,"F","CO",6
"Uriel",1997,"M","CO",11
"Uriel",1998,"M","CO",15
"Ulises",1998,"M","CO",7
"Uriel",1999,"M","CO",17
"Ulises",1999,"M","CO",7
"Uriah",1999,"M","CO",6
"Uriel",2000,"M","CO",18
"Ulises",2000,"M","CO",7
"Uriel",2001,"M","CO",18
"Ulises",2001,"M","CO",14
"Ulysses",2001,"M","CO",5
"Uriel",2002,"M","CO",25
"Ulises",2002,"M","CO",19
"Uriah",2002,"M","CO",6
"Uriel",2003,"M","CO",18
"Uriah",2003,"M","CO",6
"Ulises",2003,"M","CO",5
"Ulysses",2003,"M","CO",5
"Ulises",2004,"M","CO",14
"Uriel",2004,"M","CO",12
"Uriel",2005,"M","CO",23
"Ulises",2005,"M","CO",13
"Uriah",2005,"M","CO",8
"Ulysses",2005,"M","CO",5
"Uriel",2006,"M","CO",24
"Ulises",2006,"M","CO",13
"Uriah",2006,"M","CO",11
"Ulysses",2006,"M","CO",7
"Uriel",2007,"M","CO",28
"Ulises",2007,"M","CO",10
"Uriah",2007,"M","CO",8
"Ulices",2007,"M","CO",5
"Uriel",2008,"M","CO",19
"Uriah",2008,"M","CO",16
"Ulises",2008,"M","CO",9
"Urijah",2008,"M","CO",7
"Uriah",2009,"M","CO",18
"Uriel",2009,"M","CO",18
"Ulises",2009,"M","CO",12
"Urijah",2009,"M","CO",8
"Ulysses",2009,"M","CO",7
"Uziel",2009,"M","CO",5
"Uriah",2010,"M","CO",20
"Ulises",2010,"M","CO",18
"Uriel",2010,"M","CO",13
"Urijah",2010,"M","CO",12
"Ulysses",2010,"M","CO",9
"Uriah",2011,"M","CO",17
"Urijah",2011,"M","CO",12
"Ulises",2011,"M","CO",9
"Ulysses",2011,"M","CO",7
"Uriel",2011,"M","CO",7
"Uriah",2012,"M","CO",21
"Uriel",2012,"M","CO",12
"Urijah",2012,"M","CO",12
"Ulysses",2012,"M","CO",7
"Ulises",2012,"M","CO",6
"Uriah",2013,"M","CO",19
"Urijah",2013,"M","CO",16
"Uriel",2013,"M","CO",11
"Ulysses",2013,"M","CO",6
"Uriah",2014,"M","CO",25
"Uriel",2014,"M","CO",19
"Urijah",2014,"M","CO",14
"Ulises",2014,"M","CO",8
"Ulysses",2014,"M","CO",7
"Unique",1997,"F","CT",6
"Unique",1999,"F","CT",6
"Unique",2000,"F","CT",8
"Unique",2007,"F","CT",8
"Uriel",2012,"M","CT",5
"Unique",2004,"F","DC",6
"Ulises",2007,"M","DC",5
"Unique",1997,"F","FL",15
"Unique",1998,"F","FL",18
"Unique",1999,"F","FL",18
"Unique",2000,"F","FL",14
"Unique",2001,"F","FL",13
"Unique",2002,"F","FL",18
"Unique",2003,"F","FL",15
"Unique",2004,"F","FL",18
"Unique",2005,"F","FL",26
"Unique",2006,"F","FL",22
"Uma",2006,"F","FL",5
"Unique",2007,"F","FL",14
"Unique",2008,"F","FL",10
"Unique",2009,"F","FL",23
"Unique",2010,"F","FL",14
"Unique",2011,"F","FL",19
"Unique",2012,"F","FL",15
"Unique",2013,"F","FL",14
"Uma",2013,"F","FL",5
"Unique",2014,"F","FL",8
"Uriel",1997,"M","FL",10
"Ulysses",1997,"M","FL",7
"Ulises",1997,"M","FL",6
"Uriah",1997,"M","FL",5
"Uriel",1998,"M","FL",12
"Ulises",1998,"M","FL",11
"Ulysses",1999,"M","FL",14
"Ulises",1999,"M","FL",13
"Uriel",1999,"M","FL",11
"Uriah",1999,"M","FL",6
"Uriel",2000,"M","FL",17
"Ulises",2000,"M","FL",9
"Ulysses",2000,"M","FL",8
"Uriah",2000,"M","FL",6
"Uriel",2001,"M","FL",20
"Ulysses",2001,"M","FL",11
"Ulises",2001,"M","FL",10
"Uriah",2001,"M","FL",6
"Uriel",2002,"M","FL",14
"Ulises",2002,"M","FL",13
"Ulysses",2002,"M","FL",11
"Uriel",2003,"M","FL",23
"Ulises",2003,"M","FL",17
"Ulysses",2003,"M","FL",10
"Unknown",2003,"M","FL",6
"Uriah",2003,"M","FL",5
"Uziel",2003,"M","FL",5
"Uriel",2004,"M","FL",30
"Ulises",2004,"M","FL",8
"Uriah",2004,"M","FL",7
"Usher",2004,"M","FL",5
"Uriel",2005,"M","FL",29
"Ulises",2005,"M","FL",15
"Ulysses",2005,"M","FL",10
"Umar",2005,"M","FL",5
"Uriah",2005,"M","FL",5
"Uriel",2006,"M","FL",29
"Ulises",2006,"M","FL",11
"Uriah",2006,"M","FL",11
"Ulysses",2006,"M","FL",7
"Ulices",2006,"M","FL",6
"Uziel",2006,"M","FL",6
"Unknown",2006,"M","FL",5
"Uriel",2007,"M","FL",34
"Uriah",2007,"M","FL",11
"Ulises",2007,"M","FL",10
"Ulysses",2007,"M","FL",8
"Uriel",2008,"M","FL",26
"Urijah",2008,"M","FL",16
"Uriah",2008,"M","FL",14
"Ulises",2008,"M","FL",13
"Uziel",2008,"M","FL",9
"Ulysses",2008,"M","FL",8
"Uriel",2009,"M","FL",31
"Urijah",2009,"M","FL",22
"Uriah",2009,"M","FL",14
"Ulises",2009,"M","FL",11
"Ulysses",2009,"M","FL",10
"Uziel",2009,"M","FL",5
"Uriah",2010,"M","FL",27
"Urijah",2010,"M","FL",22
"Uriel",2010,"M","FL",20
"Ulysses",2010,"M","FL",10
"Uziel",2010,"M","FL",6
"Ulises",2010,"M","FL",5
"Urijah",2011,"M","FL",20
"Uriel",2011,"M","FL",19
"Uriah",2011,"M","FL",17
"Ulises",2011,"M","FL",14
"Ulysses",2011,"M","FL",10
"Uriah",2012,"M","FL",18
"Uriel",2012,"M","FL",16
"Urijah",2012,"M","FL",13
"Ulysses",2012,"M","FL",12
"Ulises",2012,"M","FL",7
"Uziel",2012,"M","FL",5
"Uriah",2013,"M","FL",21
"Uriel",2013,"M","FL",16
"Urijah",2013,"M","FL",13
"Ulysses",2013,"M","FL",12
"Uziel",2013,"M","FL",7
"Unknown",2013,"M","FL",6
"Umar",2013,"M","FL",5
"Uzziah",2013,"M","FL",5
"Uriah",2014,"M","FL",26
"Uriel",2014,"M","FL",25
"Ulysses",2014,"M","FL",12
"Ulises",2014,"M","FL",9
"Urijah",2014,"M","FL",7
"Unique",1998,"F","GA",8
"Unique",1999,"F","GA",7
"Unique",2000,"F","GA",6
"Unique",2001,"F","GA",11
"Unique",2002,"F","GA",9
"Unique",2003,"F","GA",8
"Unique",2004,"F","GA",6
"Unique",2005,"F","GA",10
"Unknown",2007,"F","GA",16
"Unique",2007,"F","GA",10
"Unknown",2008,"F","GA",42
"Unique",2008,"F","GA",9
"Unknown",2009,"F","GA",39
"Unique",2009,"F","GA",16
"Unknown",2010,"F","GA",20
"Unique",2010,"F","GA",13
"Unknown",2011,"F","GA",13
"Unique",2011,"F","GA",12
"Unknown",2012,"F","GA",22
"Unique",2012,"F","GA",7
"Unknown",2013,"F","GA",21
"Unique",2013,"F","GA",6
"Unknown",2014,"F","GA",6
"Uriel",1997,"M","GA",9
"Uriel",1998,"M","GA",10
"Uriah",1998,"M","GA",8
"Ulysses",1998,"M","GA",7
"Ulises",1998,"M","GA",6
"Ulises",1999,"M","GA",16
"Ulysses",1999,"M","GA",12
"Uchenna",1999,"M","GA",6
"Uriel",1999,"M","GA",6
"Uriel",2000,"M","GA",11
"Ulysses",2000,"M","GA",8
"Ulises",2000,"M","GA",6
"Uriel",2001,"M","GA",11
"Ulises",2001,"M","GA",7
"Ulysses",2001,"M","GA",7
"Uriel",2002,"M","GA",18
"Ulises",2002,"M","GA",15
"Ulysses",2002,"M","GA",6
"Uriel",2003,"M","GA",25
"Ulysses",2003,"M","GA",8
"Ulises",2003,"M","GA",7
"Uriel",2004,"M","GA",26
"Ulises",2004,"M","GA",6
"Uriah",2004,"M","GA",5
"Uriel",2005,"M","GA",29
"Ulises",2005,"M","GA",10
"Uriah",2005,"M","GA",6
"Uriel",2006,"M","GA",26
"Ulises",2006,"M","GA",11
"Uziel",2006,"M","GA",5
"Unknown",2007,"M","GA",22
"Uriel",2007,"M","GA",21
"Ulises",2007,"M","GA",17
"Uziel",2007,"M","GA",9
"Uriah",2007,"M","GA",5
"Unknown",2008,"M","GA",44
"Uriel",2008,"M","GA",26
"Ulises",2008,"M","GA",11
"Uriah",2008,"M","GA",10
"Urijah",2008,"M","GA",6
"Ulysses",2008,"M","GA",5
"Unknown",2009,"M","GA",49
"Uriel",2009,"M","GA",17
"Ulises",2009,"M","GA",14
"Uriah",2009,"M","GA",13
"Urijah",2009,"M","GA",6
"Ulysses",2009,"M","GA",5
"Unknown",2010,"M","GA",33
"Ulises",2010,"M","GA",15
"Uriel",2010,"M","GA",15
"Uriah",2010,"M","GA",13
"Urijah",2010,"M","GA",12
"Uziel",2010,"M","GA",8
"Unknown",2011,"M","GA",28
"Uriel",2011,"M","GA",15
"Uriah",2011,"M","GA",14
"Ulises",2011,"M","GA",9
"Urijah",2011,"M","GA",9
"Unknown",2012,"M","GA",30
"Uriel",2012,"M","GA",18
"Uriah",2012,"M","GA",11
"Ulises",2012,"M","GA",10
"Urijah",2012,"M","GA",9
"Unknown",2013,"M","GA",25
"Uriah",2013,"M","GA",19
"Uriel",2013,"M","GA",16
"Ulises",2013,"M","GA",8
"Urijah",2013,"M","GA",6
"Unknown",2014,"M","GA",13
"Uriel",2014,"M","GA",11
"Uriah",2014,"M","GA",8
"Ulises",2014,"M","GA",7
"Urijah",2008,"M","HI",7
"Uriah",2008,"M","HI",6
"Urijah",2009,"M","HI",7
"Uriah",2010,"M","HI",8
"Urijah",2010,"M","HI",8
"Urijah",2011,"M","HI",12
"Uriah",2011,"M","HI",5
"Uriah",2012,"M","HI",9
"Urijah",2012,"M","HI",8
"Uriah",2013,"M","HI",6
"Urijah",2014,"M","HI",8
"Unkown",1997,"F","IA",8
"Unkown",1998,"F","IA",8
"Unknown",1999,"F","IA",8
"Unkown",1999,"F","IA",6
"Unknown",2000,"F","IA",19
"Unknown",2001,"F","IA",10
"Unknown",2002,"F","IA",5
"Unknown",2003,"F","IA",6
"Unkown",1997,"M","IA",9
"Unkown",1998,"M","IA",14
"Unknown",1999,"M","IA",6
"Unkown",1999,"M","IA",6
"Unknown",2000,"M","IA",21
"Unknown",2002,"M","IA",8
"Uriel",2002,"M","IA",6
"Unknown",2004,"M","IA",5
"Uriel",2007,"M","IA",5
"Ulises",2010,"M","IA",6
"Uriah",2010,"M","IA",6
"Urijah",2011,"M","IA",7
"Uriah",2011,"M","IA",6
"Uriah",2012,"M","IA",6
"Uriah",2013,"M","IA",9
"Uriah",2014,"M","IA",8
"Urijah",2014,"M","IA",5
"Uriah",2012,"M","ID",6
"Ulises",2014,"M","ID",5
"Uriah",2014,"M","ID",5
"Unique",1997,"F","IL",7
"Unique",1998,"F","IL",13
"Unique",1999,"F","IL",18
"Unique",2000,"F","IL",12
"Unique",2001,"F","IL",15
"Unique",2002,"F","IL",16
"Unique",2003,"F","IL",12
"Unique",2004,"F","IL",6
"Unique",2005,"F","IL",12
"Unknown",2005,"F","IL",6
"Unique",2006,"F","IL",9
"Unique",2007,"F","IL",10
"Uma",2007,"F","IL",5
"Unique",2008,"F","IL",8
"Unique",2009,"F","IL",15
"Unique",2010,"F","IL",6
"Unique",2011,"F","IL",11
"Uma",2011,"F","IL",5
"Unique",2012,"F","IL",5
"Uma",2013,"F","IL",5
"Unique",2014,"F","IL",9
"Uma",2014,"F","IL",7
"Unknown",2014,"F","IL",5
"Uriel",1997,"M","IL",33
"Ulises",1997,"M","IL",17
"Ulysses",1997,"M","IL",10
"Ubaldo",1997,"M","IL",8
"Ulisses",1997,"M","IL",6
"Uriel",1998,"M","IL",29
"Ulises",1998,"M","IL",25
"Ulysses",1998,"M","IL",19
"Ulisses",1998,"M","IL",6
"Uriel",1999,"M","IL",37
"Ulises",1999,"M","IL",33
"Ulysses",1999,"M","IL",13
"Ulisses",1999,"M","IL",8
"Uriel",2000,"M","IL",36
"Ulises",2000,"M","IL",25
"Ulysses",2000,"M","IL",16
"Umar",2000,"M","IL",8
"Ulisses",2000,"M","IL",5
"Ulises",2001,"M","IL",36
"Uriel",2001,"M","IL",36
"Ulysses",2001,"M","IL",16
"Ulices",2001,"M","IL",11
"Ubaldo",2001,"M","IL",6
"Ulisses",2001,"M","IL",6
"Umar",2001,"M","IL",6
"Uriel",2002,"M","IL",49
"Ulises",2002,"M","IL",28
"Ulysses",2002,"M","IL",22
"Usman",2002,"M","IL",9
"Umar",2002,"M","IL",8
"Ulisses",2002,"M","IL",5
"Ulyses",2002,"M","IL",5
"Uriel",2003,"M","IL",44
"Ulises",2003,"M","IL",26
"Ulysses",2003,"M","IL",10
"Umar",2003,"M","IL",5
"Uziel",2003,"M","IL",5
"Uriel",2004,"M","IL",56
"Ulises",2004,"M","IL",34
"Unknown",2004,"M","IL",6
"Ulices",2004,"M","IL",5
"Ulysses",2004,"M","IL",5
"Uriel",2005,"M","IL",40
"Ulises",2005,"M","IL",29
"Ulysses",2005,"M","IL",11
"Ulices",2005,"M","IL",5
"Umair",2005,"M","IL",5
"Unknown",2005,"M","IL",5
"Uziel",2005,"M","IL",5
"Uriel",2006,"M","IL",51
"Ulises",2006,"M","IL",31
"Ulysses",2006,"M","IL",7
"Usman",2006,"M","IL",5
"Uriel",2007,"M","IL",52
"Ulises",2007,"M","IL",31
"Ulysses",2007,"M","IL",12
"Ubaldo",2007,"M","IL",5
"Uriel",2008,"M","IL",51
"Ulises",2008,"M","IL",24
"Ulysses",2008,"M","IL",15
"Uriah",2008,"M","IL",8
"Umar",2008,"M","IL",6
"Urijah",2008,"M","IL",5
"Uziel",2008,"M","IL",5
"Uriel",2009,"M","IL",39
"Ulises",2009,"M","IL",24
"Ulysses",2009,"M","IL",12
"Urijah",2009,"M","IL",12
"Unknown",2009,"M","IL",11
"Uziel",2009,"M","IL",7
"Ulisses",2009,"M","IL",6
"Uriel",2010,"M","IL",40
"Ulises",2010,"M","IL",28
"Ulysses",2010,"M","IL",15
"Uriah",2010,"M","IL",12
"Umar",2010,"M","IL",10
"Urijah",2010,"M","IL",6
"Usman",2010,"M","IL",6
"Uriel",2011,"M","IL",34
"Ulises",2011,"M","IL",19
"Ulysses",2011,"M","IL",10
"Uriah",2011,"M","IL",8
"Umar",2011,"M","IL",5
"Urban",2011,"M","IL",5
"Urijah",2011,"M","IL",5
"Usman",2011,"M","IL",5
"Uriel",2012,"M","IL",39
"Ulises",2012,"M","IL",13
"Urijah",2012,"M","IL",11
"Uriah",2012,"M","IL",10
"Ulysses",2012,"M","IL",7
"Umar",2012,"M","IL",7
"Uziel",2012,"M","IL",5
"Uriel",2013,"M","IL",27
"Ulises",2013,"M","IL",11
"Ulysses",2013,"M","IL",11
"Uriah",2013,"M","IL",8
"Urijah",2013,"M","IL",8
"Umar",2013,"M","IL",7
"Unknown",2013,"M","IL",7
"Usman",2013,"M","IL",5
"Uriel",2014,"M","IL",29
"Ulysses",2014,"M","IL",15
"Umar",2014,"M","IL",12
"Uriah",2014,"M","IL",11
"Ulises",2014,"M","IL",10
"Unique",1998,"F","IN",6
"Unique",1999,"F","IN",9
"Unique",2001,"F","IN",6
"Unique",2003,"F","IN",8
"Unique",2005,"F","IN",5
"Unique",2010,"F","IN",9
"Unique",2012,"F","IN",5
"Uriah",1997,"M","IN",7
"Uriah",1999,"M","IN",8
"Uriah",2001,"M","IN",10
"Uriel",2001,"M","IN",6
"Uriel",2002,"M","IN",13
"Ulises",2002,"M","IN",7
"Uriah",2002,"M","IN",6
"Uriah",2003,"M","IN",6
"Uriel",2004,"M","IN",8
"Ulises",2004,"M","IN",5
"Uriah",2005,"M","IN",10
"Uriel",2005,"M","IN",7
"Ulises",2005,"M","IN",5
"Uriah",2006,"M","IN",8
"Uriel",2006,"M","IN",7
"Uriah",2007,"M","IN",12
"Uriel",2007,"M","IN",6
"Uriah",2008,"M","IN",16
"Uriel",2008,"M","IN",15
"Urijah",2008,"M","IN",8
"Ulises",2008,"M","IN",7
"Uriah",2009,"M","IN",18
"Urijah",2009,"M","IN",12
"Uriel",2009,"M","IN",11
"Ulysses",2009,"M","IN",7
"Urijah",2010,"M","IN",16
"Uriah",2010,"M","IN",15
"Uriel",2010,"M","IN",10
"Ulises",2010,"M","IN",7
"Ulysses",2010,"M","IN",5
"Uriah",2011,"M","IN",15
"Urijah",2011,"M","IN",10
"Uriel",2011,"M","IN",6
"Uriah",2012,"M","IN",16
"Uriel",2012,"M","IN",12
"Urijah",2012,"M","IN",7
"Urijah",2013,"M","IN",13
"Uriah",2013,"M","IN",12
"Uriel",2013,"M","IN",8
"Uriah",2014,"M","IN",18
"Uriel",2014,"M","IN",13
"Urijah",2014,"M","IN",7
"Uriel",1999,"M","KS",6
"Ulises",2002,"M","KS",6
"Uriel",2003,"M","KS",7
"Uriel",2004,"M","KS",7
"Uriel",2005,"M","KS",7
"Uriel",2006,"M","KS",8
"Uriel",2007,"M","KS",5
"Uriel",2008,"M","KS",7
"Ulises",2008,"M","KS",5
"Uriah",2008,"M","KS",5
"Uriel",2009,"M","KS",8
"Uriel",2010,"M","KS",10
"Uriah",2010,"M","KS",8
"Uriel",2011,"M","KS",9
"Uriah",2011,"M","KS",6
"Uriel",2012,"M","KS",8
"Ulises",2012,"M","KS",5
"Uriah",2013,"M","KS",7
"Uriel",2013,"M","KS",7
"Uriah",2014,"M","KS",5
"Uriel",2006,"M","KY",5
"Uriah",2008,"M","KY",7
"Urijah",2009,"M","KY",5
"Uriah",2010,"M","KY",7
"Urijah",2010,"M","KY",7
"Uriah",2011,"M","KY",8
"Urijah",2011,"M","KY",5
"Uriah",2012,"M","KY",5
"Urijah",2013,"M","KY",5
"Unique",2000,"F","LA",7
"Unique",2001,"F","LA",7
"Unique",2002,"F","LA",5
"Unique",2003,"F","LA",5
"Unique",2005,"F","LA",10
"Unique",2006,"F","LA",7
"Unique",2008,"F","LA",7
"Unique",2009,"F","LA",5
"Unique",2010,"F","LA",8
"Unique",2011,"F","LA",6
"Unique",2013,"F","LA",9
"Uriah",2009,"M","LA",6
"Uriah",2010,"M","LA",6
"Urijah",2010,"M","LA",6
"Unnamed",2012,"M","LA",5
"Unnamed",2013,"M","LA",5
"Uriah",2014,"M","LA",5
"Unique",2001,"F","MA",5
"Unique",2004,"F","MA",6
"Uma",2006,"F","MA",7
"Unique",2010,"F","MA",5
"Uma",2011,"F","MA",7
"Uma",2013,"F","MA",5
"Uma",2014,"F","MA",6
"Uriah",2010,"M","MA",5
"Uriel",2012,"M","MA",5
"Unique",1998,"F","MD",10
"Unique",1999,"F","MD",6
"Unique",2000,"F","MD",10
"Unique",2001,"F","MD",7
"Unique",2002,"F","MD",5
"Unique",2003,"F","MD",6
"Unique",2004,"F","MD",6
"Unique",2006,"F","MD",7
"Unique",2007,"F","MD",6
"Unique",2009,"F","MD",5
"Unique",2011,"F","MD",6
"Unique",2012,"F","MD",6
"Ulysses",2002,"M","MD",5
"Uriel",2006,"M","MD",6
"Ulises",2006,"M","MD",5
"Uriel",2007,"M","MD",7
"Uriel",2008,"M","MD",6
"Uriah",2009,"M","MD",7
"Umar",2010,"M","MD",7
"Uriel",2011,"M","MD",5
"Urijah",2011,"M","MD",5
"Urijah",2012,"M","MD",7
"Uriah",2012,"M","MD",6
"Uriah",2013,"M","MD",5
"Uriah",2014,"M","MD",5
"Unnamed",1998,"M","ME",7
"Unique",1997,"F","MI",13
"Unique",1998,"F","MI",12
"Unique",1999,"F","MI",14
"Unique",2000,"F","MI",8
"Unique",2001,"F","MI",11
"Unique",2002,"F","MI",10
"Unique",2003,"F","MI",8
"Unique",2004,"F","MI",8
"Unique",2005,"F","MI",6
"Unique",2006,"F","MI",12
"Unique",2008,"F","MI",10
"Unique",2009,"F","MI",11
"Unique",2011,"F","MI",6
"Unique",2012,"F","MI",8
"Unique",2014,"F","MI",6
"Uriah",1997,"M","MI",11
"Uriah",1998,"M","MI",5
"Ulysses",1999,"M","MI",6
"Uriah",1999,"M","MI",5
"Uriah",2000,"M","MI",6
"Ulises",2000,"M","MI",5
"Uriel",2001,"M","MI",6
"Umar",2002,"M","MI",6
"Usman",2002,"M","MI",5
"Uriel",2003,"M","MI",7
"Ulises",2003,"M","MI",6
"Uriah",2003,"M","MI",5
"Uriel",2004,"M","MI",9
"Ulises",2005,"M","MI",7
"Uriel",2005,"M","MI",7
"Ulises",2006,"M","MI",7
"Uriah",2006,"M","MI",5
"Uriel",2007,"M","MI",8
"Ulises",2007,"M","MI",6
"Uriel",2008,"M","MI",11
"Uriah",2008,"M","MI",7
"Urijah",2008,"M","MI",6
"Ulises",2008,"M","MI",5
"Ulysses",2008,"M","MI",5
"Urijah",2009,"M","MI",21
"Ulises",2009,"M","MI",9
"Uriah",2009,"M","MI",9
"Uriel",2009,"M","MI",5
"Urijah",2010,"M","MI",11
"Uriah",2010,"M","MI",9
"Uriel",2010,"M","MI",8
"Ulises",2010,"M","MI",6
"Urijah",2011,"M","MI",9
"Uriah",2011,"M","MI",8
"Umar",2011,"M","MI",5
"Uriah",2012,"M","MI",9
"Urijah",2012,"M","MI",6
"Ulises",2012,"M","MI",5
"Urijah",2013,"M","MI",11
"Uriah",2013,"M","MI",9
"Uriel",2013,"M","MI",5
"Uriah",2014,"M","MI",17
"Uriel",2014,"M","MI",9
"Ulises",2014,"M","MI",6
"Urijah",2014,"M","MI",5
"Ulises",1999,"M","MN",5
"Uriel",2002,"M","MN",6
"Uriel",2003,"M","MN",6
"Ulises",2004,"M","MN",6
"Uriel",2005,"M","MN",10
"Uriel",2006,"M","MN",7
"Ulises",2006,"M","MN",5
"Uriel",2007,"M","MN",10
"Uriel",2008,"M","MN",9
"Urijah",2008,"M","MN",6
"Urijah",2009,"M","MN",9
"Uriah",2009,"M","MN",7
"Uriel",2009,"M","MN",7
"Ulises",2010,"M","MN",8
"Uriel",2010,"M","MN",8
"Urijah",2010,"M","MN",5
"Uriel",2011,"M","MN",6
"Uriah",2012,"M","MN",12
"Urijah",2012,"M","MN",9
"Ulysses",2012,"M","MN",5
"Uriah",2013,"M","MN",7
"Uriel",2014,"M","MN",9
"Uriah",2014,"M","MN",8
"Unique",1998,"F","MO",6
"Unique",1999,"F","MO",5
"Unique",2000,"F","MO",5
"Unique",2001,"F","MO",5
"Unique",2003,"F","MO",8
"Unique",2005,"F","MO",10
"Unique",2008,"F","MO",7
"Unique",2009,"F","MO",9
"Unique",2012,"F","MO",5
"Uriah",1997,"M","MO",7
"Uriel",2005,"M","MO",6
"Uriah",2005,"M","MO",5
"Uriah",2007,"M","MO",8
"Uriel",2007,"M","MO",6
"Uriah",2008,"M","MO",12
"Uriel",2008,"M","MO",6
"Uriah",2009,"M","MO",12
"Urijah",2009,"M","MO",7
"Uriel",2009,"M","MO",5
"Uriah",2010,"M","MO",10
"Urijah",2010,"M","MO",5
"Uriah",2011,"M","MO",16
"Urijah",2011,"M","MO",9
"Urijah",2012,"M","MO",14
"Uriah",2012,"M","MO",11
"Uriel",2012,"M","MO",5
"Uriah",2013,"M","MO",11
"Urijah",2013,"M","MO",9
"Uriel",2013,"M","MO",7
"Uriah",2014,"M","MO",14
"Unnamed",2011,"F","MS",6
"Unnamed",2005,"M","MS",5
"Uriah",2006,"M","MT",7
"Urijah",2009,"M","MT",5
"Urijah",2011,"M","MT",7
"Unique",1997,"F","NC",7
"Unique",1998,"F","NC",9
"Unique",1999,"F","NC",12
"Unique",2000,"F","NC",9
"Unique",2001,"F","NC",13
"Unique",2004,"F","NC",10
"Unique",2005,"F","NC",8
"Unique",2006,"F","NC",12
"Unique",2008,"F","NC",8
"Unique",2009,"F","NC",9
"Unique",2010,"F","NC",8
"Unknown",2011,"F","NC",12
"Unique",2011,"F","NC",5
"Unique",2012,"F","NC",8
"Unknown",2012,"F","NC",8
"Unknown",2013,"F","NC",10
"Unknown",2014,"F","NC",9
"Uriel",1997,"M","NC",11
"Uriah",1997,"M","NC",5
"Uriel",1998,"M","NC",9
"Unique",1998,"M","NC",5
"Ulises",1999,"M","NC",9
"Uriel",1999,"M","NC",8
"Unique",1999,"M","NC",7
"Uriel",2000,"M","NC",9
"Ulises",2000,"M","NC",8
"Ulysses",2000,"M","NC",6
"Uriah",2000,"M","NC",6
"Uriel",2001,"M","NC",19
"Ulises",2001,"M","NC",13
"Ulysses",2001,"M","NC",5
"Unique",2001,"M","NC",5
"Uriah",2001,"M","NC",5
"Uriel",2002,"M","NC",13
"Ulises",2002,"M","NC",8
"Uriah",2002,"M","NC",8
"Uriel",2003,"M","NC",13
"Ulises",2003,"M","NC",10
"Unique",2003,"M","NC",5
"Uriel",2004,"M","NC",10
"Ulises",2004,"M","NC",7
"Uriel",2005,"M","NC",23
"Ulises",2005,"M","NC",12
"Uriel",2006,"M","NC",29
"Ulises",2006,"M","NC",12
"Uriel",2007,"M","NC",26
"Ulises",2007,"M","NC",13
"Uziel",2007,"M","NC",7
"Uriel",2008,"M","NC",24
"Uriah",2008,"M","NC",17
"Uziel",2008,"M","NC",9
"Ulises",2008,"M","NC",8
"Urijah",2008,"M","NC",5
"Uzziah",2008,"M","NC",5
"Uriel",2009,"M","NC",21
"Uriah",2009,"M","NC",17
"Urijah",2009,"M","NC",14
"Uziel",2009,"M","NC",8
"Ulises",2009,"M","NC",6
"Uriel",2010,"M","NC",25
"Ulises",2010,"M","NC",21
"Uriah",2010,"M","NC",18
"Urijah",2010,"M","NC",11
"Uziel",2010,"M","NC",6
"Uzziah",2010,"M","NC",5
"Uriel",2011,"M","NC",19
"Ulises",2011,"M","NC",15
"Unknown",2011,"M","NC",14
"Uriah",2011,"M","NC",12
"Urijah",2011,"M","NC",7
"Uriah",2012,"M","NC",16
"Unknown",2012,"M","NC",15
"Ulises",2012,"M","NC",14
"Uriel",2012,"M","NC",10
"Urijah",2012,"M","NC",8
"Uriah",2013,"M","NC",22
"Uriel",2013,"M","NC",14
"Urijah",2013,"M","NC",12
"Ulises",2013,"M","NC",9
"Unknown",2013,"M","NC",7
"Uriah",2014,"M","NC",17
"Uriel",2014,"M","NC",15
"Unknown",2014,"M","NC",9
"Ulises",2014,"M","NC",8
"Urijah",2014,"M","NC",7
"Uriel",2002,"M","NE",5
"Urijah",2009,"M","NE",8
"Ulises",2010,"M","NE",5
"Uriel",2011,"M","NE",8
"Uriel",2012,"M","NE",7
"Uriah",2014,"M","NE",6
"Unique",1997,"F","NJ",5
"Unique",1998,"F","NJ",5
"Uma",2000,"F","NJ",8
"Unique",2000,"F","NJ",5
"Unique",2001,"F","NJ",8
"Unique",2002,"F","NJ",8
"Uma",2003,"F","NJ",5
"Uma",2004,"F","NJ",6
"Uma",2006,"F","NJ",8
"Unique",2009,"F","NJ",6
"Unique",2010,"F","NJ",11
"Uma",2012,"F","NJ",5
"Uma",2013,"F","NJ",5
"Unique",2013,"F","NJ",5
"Unique",1997,"M","NJ",5
"Uri",1997,"M","NJ",5
"Umar",1998,"M","NJ",7
"Usman",1998,"M","NJ",7
"Ulises",1998,"M","NJ",6
"Uriel",1998,"M","NJ",6
"Umar",1999,"M","NJ",6
"Ulises",1999,"M","NJ",5
"Uriel",1999,"M","NJ",5
"Uriel",2000,"M","NJ",13
"Umar",2000,"M","NJ",5
"Ulises",2001,"M","NJ",10
"Uriel",2001,"M","NJ",9
"Uriel",2002,"M","NJ",9
"Umar",2002,"M","NJ",7
"Uzair",2002,"M","NJ",6
"Ulises",2002,"M","NJ",5
"Uriel",2003,"M","NJ",10
"Umair",2003,"M","NJ",5
"Uriel",2004,"M","NJ",6
"Ulises",2004,"M","NJ",5
"Ulysses",2004,"M","NJ",5
"Unique",2004,"M","NJ",5
"Uriel",2005,"M","NJ",9
"Uri",2005,"M","NJ",8
"Ulises",2005,"M","NJ",6
"Uziel",2005,"M","NJ",5
"Uriel",2006,"M","NJ",21
"Umar",2006,"M","NJ",10
"Uriel",2007,"M","NJ",15
"Ulises",2007,"M","NJ",6
"Umar",2007,"M","NJ",6
"Uriel",2008,"M","NJ",21
"Uri",2008,"M","NJ",6
"Usman",2008,"M","NJ",5
"Uriel",2009,"M","NJ",17
"Uri",2009,"M","NJ",8
"Ulises",2009,"M","NJ",6
"Uri",2010,"M","NJ",11
"Uriel",2010,"M","NJ",9
"Ulises",2010,"M","NJ",8
"Umar",2010,"M","NJ",5
"Urijah",2010,"M","NJ",5
"Uzair",2010,"M","NJ",5
"Uriel",2011,"M","NJ",11
"Umar",2011,"M","NJ",6
"Urijah",2011,"M","NJ",6
"Uri",2011,"M","NJ",5
"Uriel",2012,"M","NJ",18
"Uriah",2012,"M","NJ",7
"Uriel",2013,"M","NJ",13
"Umar",2013,"M","NJ",9
"Uri",2013,"M","NJ",9
"Ulysses",2013,"M","NJ",5
"Uriel",2014,"M","NJ",14
"Ulysses",2014,"M","NJ",6
"Umar",2014,"M","NJ",5
"Unique",2001,"F","NM",5
"Unique",2005,"F","NM",5
"Unique",2006,"F","NM",6
"Unique",2007,"F","NM",6
"Unique",2008,"F","NM",7
"Unique",2009,"F","NM",9
"Uma",2010,"F","NM",5
"Unique",2011,"F","NM",6
"Unique",2012,"F","NM",6
"Unique",2014,"F","NM",6
"Uriah",1997,"M","NM",6
"Uriah",1998,"M","NM",5
"Uriel",1999,"M","NM",10
"Uriah",2002,"M","NM",7
"Uriel",2002,"M","NM",7
"Uriel",2003,"M","NM",8
"Uriah",2003,"M","NM",6
"Uriel",2004,"M","NM",7
"Ulises",2004,"M","NM",5
"Uriah",2004,"M","NM",5
"Uriel",2005,"M","NM",17
"Uriel",2006,"M","NM",9
"Uriel",2007,"M","NM",11
"Ulises",2007,"M","NM",8
"Uriah",2008,"M","NM",12
"Uriel",2008,"M","NM",11
"Urijah",2008,"M","NM",9
"Ulises",2008,"M","NM",5
"Urijah",2009,"M","NM",20
"Uriah",2009,"M","NM",18
"Uriel",2009,"M","NM",13
"Ulises",2009,"M","NM",11
"Uriah",2010,"M","NM",17
"Urijah",2010,"M","NM",15
"Uriel",2010,"M","NM",14
"Ulises",2010,"M","NM",5
"Uriah",2011,"M","NM",16
"Urijah",2011,"M","NM",16
"Uriel",2011,"M","NM",9
"Urijah",2012,"M","NM",19
"Uriah",2012,"M","NM",15
"Uriel",2012,"M","NM",5
"Uriah",2013,"M","NM",15
"Uriel",2013,"M","NM",8
"Urijah",2013,"M","NM",5
"Uriah",2014,"M","NM",20
"Urijah",2014,"M","NM",9
"Uriel",2014,"M","NM",7
"Uzziah",2014,"M","NM",5
"Unique",1997,"F","NV",5
"Unknown",1999,"F","NV",8
"Unique",2004,"F","NV",5
"Unknown",1997,"M","NV",5
"Uriel",1997,"M","NV",5
"Uriel",1998,"M","NV",7
"Ulises",1999,"M","NV",10
"Uriel",1999,"M","NV",7
"Ulises",2000,"M","NV",10
"Uriel",2000,"M","NV",7
"Ulises",2001,"M","NV",10
"Uriel",2001,"M","NV",5
"Uriel",2002,"M","NV",13
"Uriel",2003,"M","NV",10
"Ulises",2003,"M","NV",8
"Ulises",2004,"M","NV",8
"Uriel",2004,"M","NV",6
"Uriel",2005,"M","NV",10
"Ulises",2005,"M","NV",9
"Ulises",2006,"M","NV",12
"Uriel",2006,"M","NV",10
"Uriel",2007,"M","NV",15
"Ulises",2007,"M","NV",11
"Ulysses",2007,"M","NV",5
"Ulises",2008,"M","NV",6
"Uriel",2008,"M","NV",6
"Uriel",2009,"M","NV",10
"Ulises",2009,"M","NV",8
"Urijah",2009,"M","NV",7
"Uriel",2010,"M","NV",6
"Ulises",2010,"M","NV",5
"Uriah",2010,"M","NV",5
"Uriel",2011,"M","NV",10
"Ulises",2011,"M","NV",7
"Uriah",2011,"M","NV",5
"Ulises",2012,"M","NV",7
"Uriah",2012,"M","NV",7
"Uriel",2012,"M","NV",7
"Ulises",2013,"M","NV",6
"Ulysses",2013,"M","NV",5
"Urijah",2013,"M","NV",5
"Uriel",2014,"M","NV",8
"Urijah",2014,"M","NV",7
"Ulises",2014,"M","NV",6
"Unique",1997,"F","NY",29
"Unique",1998,"F","NY",16
"Ursula",1998,"F","NY",8
"Uma",1998,"F","NY",5
"Una",1998,"F","NY",5
"Unique",1999,"F","NY",16
"Uma",1999,"F","NY",5
"Unique",2000,"F","NY",12
"Uma",2000,"F","NY",9
"Una",2000,"F","NY",9
"Ursula",2000,"F","NY",7
"Unique",2001,"F","NY",21
"Uma",2001,"F","NY",5
"Unique",2002,"F","NY",11
"Unique",2003,"F","NY",16
"Uma",2003,"F","NY",7
"Ursula",2003,"F","NY",7
"Unique",2004,"F","NY",12
"Uma",2004,"F","NY",7
"Uma",2005,"F","NY",12
"Unique",2005,"F","NY",9
"Una",2005,"F","NY",6
"Uma",2006,"F","NY",17
"Unique",2006,"F","NY",12
"Una",2006,"F","NY",6
"Unique",2007,"F","NY",16
"Uma",2007,"F","NY",9
"Ursula",2007,"F","NY",6
"Una",2007,"F","NY",5
"Unique",2008,"F","NY",11
"Uma",2008,"F","NY",7
"Una",2008,"F","NY",6
"Unique",2009,"F","NY",13
"Una",2009,"F","NY",8
"Uma",2009,"F","NY",7
"Ursula",2009,"F","NY",7
"Unique",2010,"F","NY",11
"Uma",2010,"F","NY",6
"Una",2010,"F","NY",6
"Uma",2011,"F","NY",8
"Unique",2011,"F","NY",6
"Una",2011,"F","NY",5
"Uma",2012,"F","NY",16
"Unique",2012,"F","NY",12
"Una",2012,"F","NY",5
"Udy",2013,"F","NY",8
"Uma",2013,"F","NY",7
"Unique",2013,"F","NY",5
"Uma",2014,"F","NY",12
"Udy",2014,"F","NY",9
"Unique",2014,"F","NY",8
"Umme",2014,"F","NY",7
"Una",2014,"F","NY",6
"Usher",1997,"M","NY",16
"Unique",1997,"M","NY",13
"Umar",1997,"M","NY",11
"Uriel",1997,"M","NY",11
"Usman",1997,"M","NY",10
"Unknown",1997,"M","NY",8
"Usama",1997,"M","NY",8
"Ulysses",1997,"M","NY",6
"Uriah",1997,"M","NY",6
"Ulises",1997,"M","NY",5
"Uriel",1998,"M","NY",21
"Usher",1998,"M","NY",15
"Ulises",1998,"M","NY",12
"Unique",1998,"M","NY",12
"Usman",1998,"M","NY",12
"Umar",1998,"M","NY",7
"Umer",1998,"M","NY",7
"Uriah",1998,"M","NY",6
"Usama",1998,"M","NY",6
"Unknown",1998,"M","NY",5
"Uriel",1999,"M","NY",26
"Umar",1999,"M","NY",18
"Usher",1999,"M","NY",16
"Ulises",1999,"M","NY",14
"Usman",1999,"M","NY",13
"Unique",1999,"M","NY",12
"Ulysses",1999,"M","NY",8
"Uriah",1999,"M","NY",7
"Umer",1999,"M","NY",6
"Ulices",1999,"M","NY",5
"Uri",1999,"M","NY",5
"Usama",1999,"M","NY",5
"Uriel",2000,"M","NY",18
"Usher",2000,"M","NY",14
"Usman",2000,"M","NY",13
"Umar",2000,"M","NY",12
"Unique",2000,"M","NY",11
"Ulises",2000,"M","NY",10
"Ulysses",2000,"M","NY",9
"Usama",2000,"M","NY",5
"Uriel",2001,"M","NY",21
"Usher",2001,"M","NY",17
"Umar",2001,"M","NY",16
"Unique",2001,"M","NY",15
"Ulises",2001,"M","NY",10
"Usman",2001,"M","NY",8
"Ulysses",2001,"M","NY",7
"Uriah",2001,"M","NY",6
"Umer",2001,"M","NY",5
"Uriel",2002,"M","NY",22
"Usher",2002,"M","NY",22
"Unique",2002,"M","NY",14
"Ulises",2002,"M","NY",12
"Umar",2002,"M","NY",10
"Usman",2002,"M","NY",10
"Umair",2002,"M","NY",5
"Uriah",2002,"M","NY",5
"Umar",2003,"M","NY",17
"Uriel",2003,"M","NY",16
"Usher",2003,"M","NY",14
"Unique",2003,"M","NY",10
"Ulises",2003,"M","NY",8
"Uriah",2003,"M","NY",7
"Ulysses",2003,"M","NY",6
"Uzair",2003,"M","NY",6
"Umair",2003,"M","NY",5
"Usher",2004,"M","NY",26
"Uriel",2004,"M","NY",21
"Umar",2004,"M","NY",12
"Ulises",2004,"M","NY",11
"Unique",2004,"M","NY",11
"Ulysses",2004,"M","NY",7
"Uri",2004,"M","NY",6
"Uriah",2004,"M","NY",6
"Usher",2005,"M","NY",33
"Uriel",2005,"M","NY",20
"Umar",2005,"M","NY",11
"Unique",2005,"M","NY",11
"Ulises",2005,"M","NY",10
"Ulysses",2005,"M","NY",7
"Usman",2005,"M","NY",7
"Unknown",2005,"M","NY",5
"Usher",2006,"M","NY",32
"Uriel",2006,"M","NY",21
"Ulises",2006,"M","NY",10
"Ulysses",2006,"M","NY",10
"Umar",2006,"M","NY",10
"Unique",2006,"M","NY",8
"Usman",2006,"M","NY",8
"Uri",2006,"M","NY",5
"Uriel",2007,"M","NY",31
"Usher",2007,"M","NY",31
"Ulises",2007,"M","NY",9
"Umar",2007,"M","NY",8
"Ulysses",2007,"M","NY",6
"Unique",2007,"M","NY",6
"Usman",2007,"M","NY",6
"Uri",2007,"M","NY",5
"Uriah",2007,"M","NY",5
"Usher",2008,"M","NY",38
"Uriel",2008,"M","NY",30
"Ulises",2008,"M","NY",14
"Uri",2008,"M","NY",12
"Unique",2008,"M","NY",10
"Umar",2008,"M","NY",9
"Unknown",2008,"M","NY",6
"Urijah",2008,"M","NY",5
"Uriel",2009,"M","NY",34
"Usher",2009,"M","NY",28
"Ulises",2009,"M","NY",15
"Ulysses",2009,"M","NY",8
"Uriah",2009,"M","NY",8
"Urijah",2009,"M","NY",8
"Umar",2009,"M","NY",7
"Uri",2009,"M","NY",7
"Usman",2009,"M","NY",6
"Uzair",2009,"M","NY",6
"Uziel",2009,"M","NY",6
"Usher",2010,"M","NY",29
"Uriel",2010,"M","NY",28
"Uriah",2010,"M","NY",14
"Usman",2010,"M","NY",13
"Umar",2010,"M","NY",12
"Unknown",2010,"M","NY",8
"Urijah",2010,"M","NY",7
"Uzair",2010,"M","NY",7
"Umer",2010,"M","NY",5
"Unique",2010,"M","NY",5
"Uri",2010,"M","NY",5
"Usher",2011,"M","NY",37
"Uriel",2011,"M","NY",31
"Umar",2011,"M","NY",15
"Uriah",2011,"M","NY",13
"Urijah",2011,"M","NY",10
"Ulises",2011,"M","NY",9
"Ulysses",2011,"M","NY",5
"Uri",2011,"M","NY",5
"Uzair",2011,"M","NY",5
"Usher",2012,"M","NY",47
"Uriel",2012,"M","NY",29
"Umar",2012,"M","NY",15
"Uriah",2012,"M","NY",11
"Usman",2012,"M","NY",8
"Uzair",2012,"M","NY",8
"Ulysses",2012,"M","NY",6
"Urijah",2012,"M","NY",6
"Ulises",2012,"M","NY",5
"Unique",2012,"M","NY",5
"Usher",2013,"M","NY",36
"Uriel",2013,"M","NY",34
"Umar",2013,"M","NY",18
"Uriah",2013,"M","NY",8
"Ulises",2013,"M","NY",7
"Unique",2013,"M","NY",7
"Uri",2013,"M","NY",7
"Ulysses",2013,"M","NY",5
"Umair",2013,"M","NY",5
"Urijah",2013,"M","NY",5
"Usman",2013,"M","NY",5
"Uriel",2014,"M","NY",30
"Usher",2014,"M","NY",27
"Umar",2014,"M","NY",20
"Ulises",2014,"M","NY",11
"Uriah",2014,"M","NY",8
"Uziel",2014,"M","NY",7
"Usman",2014,"M","NY",6
"Uri",2014,"M","NY",5
"Urijah",2014,"M","NY",5
"Uzziah",2014,"M","NY",5
"Unique",1997,"F","OH",15
"Unique",1998,"F","OH",9
"Unique",1999,"F","OH",6
"Unique",2000,"F","OH",10
"Unique",2001,"F","OH",14
"Unique",2002,"F","OH",12
"Unique",2003,"F","OH",8
"Unique",2004,"F","OH",8
"Unique",2005,"F","OH",17
"Unique",2006,"F","OH",11
"Unique",2007,"F","OH",10
"Unique",2008,"F","OH",11
"Unique",2009,"F","OH",6
"Unique",2010,"F","OH",13
"Unique",2011,"F","OH",6
"Unique",2012,"F","OH",9
"Unique",2013,"F","OH",7
"Unique",2014,"F","OH",6
"Ulysses",1998,"M","OH",5
"Uriah",1999,"M","OH",9
"Uriah",2000,"M","OH",12
"Uriah",2002,"M","OH",6
"Uriah",2003,"M","OH",5
"Uriah",2004,"M","OH",7
"Uriah",2005,"M","OH",5
"Uriah",2006,"M","OH",12
"Uriah",2007,"M","OH",13
"Urijah",2008,"M","OH",13
"Uriah",2008,"M","OH",10
"Uriel",2008,"M","OH",7
"Urijah",2009,"M","OH",21
"Uriah",2009,"M","OH",14
"Uriah",2010,"M","OH",12
"Urijah",2010,"M","OH",9
"Umar",2010,"M","OH",6
"Uriah",2011,"M","OH",9
"Uriel",2011,"M","OH",7
"Urijah",2011,"M","OH",5
"Uriah",2012,"M","OH",18
"Urijah",2012,"M","OH",13
"Uriah",2013,"M","OH",20
"Uriel",2013,"M","OH",8
"Urijah",2013,"M","OH",7
"Uriah",2014,"M","OH",16
"Uriel",2014,"M","OH",7
"Urijah",2014,"M","OH",7
"Umar",2014,"M","OH",6
"Urban",2014,"M","OH",5
"Unique",1997,"F","OK",7
"Unique",1999,"F","OK",5
"Unique",2002,"F","OK",5
"Unique",2011,"F","OK",5
"Uriel",2002,"M","OK",5
"Uriel",2003,"M","OK",8
"Uriel",2004,"M","OK",6
"Uriel",2005,"M","OK",7
"Uriel",2006,"M","OK",8
"Ulises",2006,"M","OK",6
"Uriel",2007,"M","OK",6
"Ulises",2007,"M","OK",5
"Uriah",2007,"M","OK",5
"Ulises",2008,"M","OK",10
"Uriel",2008,"M","OK",10
"Uriah",2009,"M","OK",8
"Ulises",2009,"M","OK",6
"Uriel",2009,"M","OK",6
"Uriel",2010,"M","OK",8
"Ulises",2010,"M","OK",7
"Uriah",2010,"M","OK",6
"Urijah",2010,"M","OK",6
"Uriah",2011,"M","OK",8
"Urijah",2011,"M","OK",6
"Ulises",2011,"M","OK",5
"Uriel",2011,"M","OK",5
"Uriel",2012,"M","OK",10
"Uriah",2012,"M","OK",9
"Uriah",2013,"M","OK",16
"Urijah",2013,"M","OK",9
"Ulises",2013,"M","OK",6
"Uriah",2014,"M","OK",13
"Urijah",2014,"M","OK",7
"Uriel",2014,"M","OK",5
"Unknown",2009,"F","OR",14
"Unknown",2010,"F","OR",17
"Unknown",2011,"F","OR",31
"Unknown",2012,"F","OR",20
"Unknown",2013,"F","OR",18
"Unknown",2014,"F","OR",34
"Ulises",1997,"M","OR",5
"Uriel",1998,"M","OR",10
"Ulises",1998,"M","OR",6
"Ulises",1999,"M","OR",9
"Uriel",1999,"M","OR",5
"Uriel",2000,"M","OR",10
"Ulises",2000,"M","OR",5
"Uriel",2001,"M","OR",11
"Ulises",2001,"M","OR",6
"Uriah",2001,"M","OR",5
"Uriel",2002,"M","OR",13
"Ulises",2002,"M","OR",5
"Uriel",2003,"M","OR",10
"Ulysses",2003,"M","OR",9
"Ulises",2003,"M","OR",6
"Ulises",2004,"M","OR",11
"Uriel",2004,"M","OR",11
"Uriel",2005,"M","OR",16
"Ulises",2005,"M","OR",7
"Ulises",2006,"M","OR",14
"Uriel",2006,"M","OR",10
"Uriel",2007,"M","OR",14
"Ulises",2007,"M","OR",9
"Ulises",2008,"M","OR",13
"Uriah",2008,"M","OR",10
"Uriel",2008,"M","OR",8
"Uriah",2009,"M","OR",21
"Unknown",2009,"M","OR",16
"Ulises",2009,"M","OR",15
"Urijah",2009,"M","OR",15
"Uriel",2009,"M","OR",11
"Unknown",2010,"M","OR",21
"Uriel",2010,"M","OR",16
"Uriah",2010,"M","OR",12
"Ulises",2010,"M","OR",8
"Unknown",2011,"M","OR",20
"Uriah",2011,"M","OR",11
"Uriel",2011,"M","OR",10
"Ulises",2011,"M","OR",8
"Uziel",2011,"M","OR",6
"Urijah",2011,"M","OR",5
"Unknown",2012,"M","OR",26
"Uriel",2012,"M","OR",10
"Urijah",2012,"M","OR",9
"Uriah",2012,"M","OR",7
"Ulises",2012,"M","OR",6
"Unknown",2013,"M","OR",30
"Uriah",2013,"M","OR",10
"Urijah",2013,"M","OR",8
"Uriel",2013,"M","OR",7
"Unknown",2014,"M","OR",31
"Uriah",2014,"M","OR",13
"Ulises",2014,"M","OR",8
"Uriel",2014,"M","OR",6
"Unique",1997,"F","PA",11
"Unique",1998,"F","PA",12
"Unique",1999,"F","PA",10
"Unique",2000,"F","PA",16
"Unique",2001,"F","PA",14
"Unique",2002,"F","PA",13
"Unique",2003,"F","PA",11
"Unique",2004,"F","PA",8
"Unique",2005,"F","PA",16
"Unique",2006,"F","PA",12
"Unique",2007,"F","PA",7
"Unique",2008,"F","PA",13
"Unique",2009,"F","PA",15
"Unique",2010,"F","PA",5
"Unique",2011,"F","PA",11
"Unique",2012,"F","PA",8
"Unique",2014,"F","PA",5
"Uriah",1998,"M","PA",6
"Ulysses",1999,"M","PA",5
"Uriah",2000,"M","PA",7
"Uriah",2001,"M","PA",8
"Uriel",2001,"M","PA",6
"Uriah",2002,"M","PA",8
"Unique",2002,"M","PA",5
"Uriah",2006,"M","PA",6
"Uriel",2006,"M","PA",6
"Uriel",2007,"M","PA",6
"Uriah",2007,"M","PA",5
"Urijah",2008,"M","PA",7
"Uriah",2008,"M","PA",6
"Uriel",2008,"M","PA",5
"Uriah",2009,"M","PA",14
"Urijah",2009,"M","PA",9
"Urie",2009,"M","PA",5
"Urijah",2010,"M","PA",11
"Uriah",2010,"M","PA",7
"Umar",2010,"M","PA",6
"Uriah",2011,"M","PA",8
"Uriel",2011,"M","PA",8
"Ulysses",2011,"M","PA",7
"Urijah",2011,"M","PA",6
"Urie",2011,"M","PA",5
"Uriah",2012,"M","PA",11
"Urijah",2012,"M","PA",9
"Umar",2012,"M","PA",7
"Uriel",2012,"M","PA",6
"Uriah",2013,"M","PA",15
"Umar",2013,"M","PA",9
"Urijah",2013,"M","PA",6
"Ulysses",2013,"M","PA",5
"Uriel",2013,"M","PA",5
"Uriah",2014,"M","PA",21
"Ulises",2014,"M","PA",6
"Ulysses",2014,"M","PA",6
"Umar",2014,"M","PA",6
"Uriel",2014,"M","PA",6
"Urijah",2014,"M","PA",6
"Unique",1997,"F","SC",5
"Unique",2000,"F","SC",5
"Unique",2006,"F","SC",6
"Unique",2007,"F","SC",5
"Unique",2008,"F","SC",6
"Unique",2010,"F","SC",8
"Unique",2011,"F","SC",10
"Unique",2014,"F","SC",5
"Uriel",2006,"M","SC",7
"Ulises",2006,"M","SC",5
"Uriel",2007,"M","SC",7
"Uriel",2008,"M","SC",10
"Ulises",2009,"M","SC",5
"Uriel",2010,"M","SC",7
"Ulises",2010,"M","SC",5
"Uriah",2011,"M","SC",7
"Urijah",2011,"M","SC",7
"Uriel",2012,"M","SC",5
"Uriah",2013,"M","SC",5
"Uriah",2014,"M","SC",10
"Urijah",2014,"M","SC",6
"Urijah",2010,"M","SD",5
"Urijah",2011,"M","SD",9
"Uriah",2012,"M","SD",6
"Unique",2007,"F","TN",6
"Unique",2009,"F","TN",5
"Ulysses",2000,"M","TN",6
"Uriel",2002,"M","TN",5
"Uriel",2004,"M","TN",8
"Ulises",2005,"M","TN",5
"Uriel",2006,"M","TN",8
"Uriel",2007,"M","TN",5
"Uriel",2008,"M","TN",8
"Uriah",2008,"M","TN",7
"Urijah",2009,"M","TN",9
"Uriah",2009,"M","TN",6
"Uriel",2009,"M","TN",6
"Urijah",2010,"M","TN",13
"Ulises",2010,"M","TN",8
"Uriah",2010,"M","TN",8
"Uriel",2010,"M","TN",7
"Urijah",2011,"M","TN",7
"Uriah",2011,"M","TN",6
"Uriel",2011,"M","TN",5
"Urijah",2012,"M","TN",9
"Uriel",2012,"M","TN",8
"Uriel",2013,"M","TN",15
"Uriah",2013,"M","TN",11
"Ulises",2013,"M","TN",7
"Urijah",2013,"M","TN",5
"Urijah",2014,"M","TN",10
"Uriah",2014,"M","TN",8
"Ulyssa",1997,"F","TX",10
"Unique",1997,"F","TX",10
"Unique",1998,"F","TX",15
"Ursula",1998,"F","TX",12
"Ulyssa",1998,"F","TX",5
"Unique",1999,"F","TX",16
"Ursula",1999,"F","TX",5
"Unique",2000,"F","TX",18
"Ursula",2000,"F","TX",7
"Ulyssa",2000,"F","TX",5
"Unique",2001,"F","TX",21
"Ursula",2001,"F","TX",10
"Unique",2002,"F","TX",17
"Uriah",2002,"F","TX",6
"Unique",2003,"F","TX",20
"Unique",2004,"F","TX",14
"Uriah",2004,"F","TX",5
"Unique",2005,"F","TX",20
"Unique",2006,"F","TX",16
"Uriah",2006,"F","TX",8
"Unique",2007,"F","TX",24
"Ursula",2007,"F","TX",6
"Unique",2008,"F","TX",23
"Uriah",2008,"F","TX",5
"Unique",2009,"F","TX",26
"Uma",2009,"F","TX",5
"Unique",2010,"F","TX",21
"Unique",2011,"F","TX",15
"Uma",2011,"F","TX",5
"Unique",2012,"F","TX",19
"Unique",2013,"F","TX",11
"Unique",2014,"F","TX",12
"Uriel",1997,"M","TX",76
"Ulises",1997,"M","TX",43
"Ulysses",1997,"M","TX",18
"Ubaldo",1997,"M","TX",11
"Uriah",1997,"M","TX",10
"Uziel",1997,"M","TX",6
"Umair",1997,"M","TX",5
"Uvaldo",1997,"M","TX",5
"Uriel",1998,"M","TX",66
"Ulises",1998,"M","TX",58
"Ulysses",1998,"M","TX",42
"Uziel",1998,"M","TX",23
"Ulisses",1998,"M","TX",13
"Uriah",1998,"M","TX",12
"Ubaldo",1998,"M","TX",8
"Umar",1998,"M","TX",7
"Ulices",1998,"M","TX",5
"Uvaldo",1998,"M","TX",5
"Uriel",1999,"M","TX",81
"Ulises",1999,"M","TX",59
"Ulysses",1999,"M","TX",50
"Uriah",1999,"M","TX",12
"Ubaldo",1999,"M","TX",10
"Ulisses",1999,"M","TX",8
"Ulices",1999,"M","TX",7
"Uziel",1999,"M","TX",7
"Uzziel",1999,"M","TX",6
"Uriel",2000,"M","TX",92
"Ulises",2000,"M","TX",54
"Ulysses",2000,"M","TX",35
"Uziel",2000,"M","TX",14
"Ulisses",2000,"M","TX",11
"Ubaldo",2000,"M","TX",9
"Ulyses",2000,"M","TX",7
"Uzziel",2000,"M","TX",7
"Ulices",2000,"M","TX",6
"Umar",2000,"M","TX",5
"Uriah",2000,"M","TX",5
"Uriel",2001,"M","TX",84
"Ulises",2001,"M","TX",64
"Ulysses",2001,"M","TX",28
"Ubaldo",2001,"M","TX",12
"Ulisses",2001,"M","TX",11
"Ulyses",2001,"M","TX",11
"Uziel",2001,"M","TX",11
"Uriah",2001,"M","TX",9
"Umar",2001,"M","TX",5
"Uriel",2002,"M","TX",98
"Ulises",2002,"M","TX",64
"Ulysses",2002,"M","TX",35
"Uziel",2002,"M","TX",13
"Ulices",2002,"M","TX",12
"Ubaldo",2002,"M","TX",11
"Ulisses",2002,"M","TX",11
"Ulyses",2002,"M","TX",5
"Uriah",2002,"M","TX",5
"Uriel",2003,"M","TX",104
"Ulises",2003,"M","TX",56
"Ulysses",2003,"M","TX",19
"Ubaldo",2003,"M","TX",12
"Uziel",2003,"M","TX",12
"Ulisses",2003,"M","TX",10
"Ulyses",2003,"M","TX",8
"Uvaldo",2003,"M","TX",7
"Uzziel",2003,"M","TX",7
"Ulices",2003,"M","TX",6
"Uriah",2003,"M","TX",5
"Uriel",2004,"M","TX",96
"Ulises",2004,"M","TX",59
"Ulysses",2004,"M","TX",27
"Uziel",2004,"M","TX",22
"Ubaldo",2004,"M","TX",8
"Uchenna",2004,"M","TX",7
"Ulyses",2004,"M","TX",7
"Ulices",2004,"M","TX",6
"Ulisses",2004,"M","TX",6
"Ugochukwu",2004,"M","TX",5
"Uriah",2004,"M","TX",5
"Usman",2004,"M","TX",5
"Uzziel",2004,"M","TX",5
"Uriel",2005,"M","TX",109
"Ulises",2005,"M","TX",54
"Ulysses",2005,"M","TX",36
"Uriah",2005,"M","TX",16
"Uziel",2005,"M","TX",13
"Ulices",2005,"M","TX",8
"Ulisses",2005,"M","TX",7
"Ubaldo",2005,"M","TX",6
"Umair",2005,"M","TX",6
"Umar",2005,"M","TX",5
"Uzziel",2005,"M","TX",5
"Uriel",2006,"M","TX",131
"Ulises",2006,"M","TX",71
"Ulysses",2006,"M","TX",30
"Uziel",2006,"M","TX",19
"Uriah",2006,"M","TX",12
"Ubaldo",2006,"M","TX",11
"Ulices",2006,"M","TX",8
"Umar",2006,"M","TX",7
"Ulisses",2006,"M","TX",6
"Uvaldo",2006,"M","TX",5
"Uriel",2007,"M","TX",129
"Ulises",2007,"M","TX",63
"Ulysses",2007,"M","TX",27
"Uziel",2007,"M","TX",25
"Uriah",2007,"M","TX",17
"Ubaldo",2007,"M","TX",11
"Ulices",2007,"M","TX",8
"Ulisses",2007,"M","TX",8
"Usiel",2007,"M","TX",6
"Umar",2007,"M","TX",5
"Uvaldo",2007,"M","TX",5
"Uzziah",2007,"M","TX",5
"Uriel",2008,"M","TX",135
"Ulises",2008,"M","TX",69
"Uriah",2008,"M","TX",30
"Ulysses",2008,"M","TX",23
"Uziel",2008,"M","TX",23
"Urijah",2008,"M","TX",18
"Ubaldo",2008,"M","TX",10
"Ulisses",2008,"M","TX",10
"Usman",2008,"M","TX",7
"Uzziel",2008,"M","TX",6
"Ulyses",2008,"M","TX",5
"Uriel",2009,"M","TX",143
"Ulises",2009,"M","TX",65
"Uriah",2009,"M","TX",40
"Urijah",2009,"M","TX",36
"Ulysses",2009,"M","TX",31
"Uziel",2009,"M","TX",15
"Ulisses",2009,"M","TX",14
"Ubaldo",2009,"M","TX",11
"Ulyses",2009,"M","TX",5
"Uriel",2010,"M","TX",131
"Ulises",2010,"M","TX",72
"Uriah",2010,"M","TX",46
"Urijah",2010,"M","TX",45
"Ulysses",2010,"M","TX",28
"Uziel",2010,"M","TX",16
"Ulisses",2010,"M","TX",11
"Uriyah",2010,"M","TX",7
"Ubaldo",2010,"M","TX",6
"Uriel",2011,"M","TX",124
"Ulises",2011,"M","TX",62
"Uriah",2011,"M","TX",32
"Urijah",2011,"M","TX",31
"Ulysses",2011,"M","TX",27
"Uziel",2011,"M","TX",12
"Ubaldo",2011,"M","TX",8
"Ulices",2011,"M","TX",6
"Ulisses",2011,"M","TX",5
"Usman",2011,"M","TX",5
"Uzziah",2011,"M","TX",5
"Uriel",2012,"M","TX",105
"Ulises",2012,"M","TX",54
"Urijah",2012,"M","TX",49
"Uriah",2012,"M","TX",34
"Ulysses",2012,"M","TX",25
"Uziel",2012,"M","TX",9
"Ubaldo",2012,"M","TX",7
"Ulices",2012,"M","TX",7
"Ulyses",2012,"M","TX",7
"Ulisses",2012,"M","TX",6
"Umar",2012,"M","TX",5
"Uriel",2013,"M","TX",137
"Ulises",2013,"M","TX",57
"Uriah",2013,"M","TX",42
"Urijah",2013,"M","TX",41
"Ulysses",2013,"M","TX",19
"Uziel",2013,"M","TX",13
"Ulisses",2013,"M","TX",8
"Ubaldo",2013,"M","TX",7
"Umar",2013,"M","TX",6
"Uzziah",2013,"M","TX",5
"Uriel",2014,"M","TX",129
"Uriah",2014,"M","TX",62
"Ulises",2014,"M","TX",59
"Urijah",2014,"M","TX",43
"Ulysses",2014,"M","TX",24
"Uzziah",2014,"M","TX",11
"Ulisses",2014,"M","TX",8
"Umar",2014,"M","TX",8
"Usman",2014,"M","TX",8
"Uziel",2014,"M","TX",5
"Uzziel",2014,"M","TX",5
"Unique",2005,"F","UT",5
"Uriel",1997,"M","UT",5
"Ulises",1998,"M","UT",6
"Ulises",2000,"M","UT",5
"Uriel",2001,"M","UT",6
"Ulises",2002,"M","UT",5
"Uriel",2002,"M","UT",5
"Uriel",2003,"M","UT",6
"Uriel",2005,"M","UT",6
"Uriel",2006,"M","UT",5
"Ulises",2007,"M","UT",8
"Uriel",2008,"M","UT",7
"Ulises",2008,"M","UT",6
"Uriel",2009,"M","UT",8
"Uriel",2010,"M","UT",10
"Ulises",2010,"M","UT",6
"Urijah",2010,"M","UT",6
"Uriel",2011,"M","UT",8
"Ulises",2011,"M","UT",5
"Urijah",2012,"M","UT",8
"Uriel",2012,"M","UT",5
"Uriel",2013,"M","UT",7
"Uriah",2013,"M","UT",6
"Ulises",2014,"M","UT",7
"Uriel",2014,"M","UT",5
"Urijah",2014,"M","UT",5
"Unique",1997,"F","VA",11
"Unique",1999,"F","VA",7
"Unique",2000,"F","VA",5
"Unique",2001,"F","VA",9
"Unique",2002,"F","VA",12
"Unique",2003,"F","VA",5
"Unique",2004,"F","VA",6
"Uma",2004,"F","VA",5
"Unique",2005,"F","VA",6
"Unique",2006,"F","VA",7
"Unique",2008,"F","VA",8
"Unique",2009,"F","VA",6
"Unique",2010,"F","VA",5
"Unique",2012,"F","VA",8
"Umar",1998,"M","VA",5
"Ulises",2000,"M","VA",7
"Unique",2000,"M","VA",6
"Ulises",2002,"M","VA",5
"Umar",2004,"M","VA",7
"Uriel",2004,"M","VA",5
"Ulises",2005,"M","VA",5
"Uriel",2006,"M","VA",7
"Ulises",2006,"M","VA",6
"Uriah",2006,"M","VA",5
"Ulises",2007,"M","VA",6
"Uriel",2007,"M","VA",6
"Umar",2007,"M","VA",5
"Uriah",2008,"M","VA",10
"Urijah",2008,"M","VA",5
"Uriah",2009,"M","VA",10
"Urijah",2009,"M","VA",9
"Ulises",2009,"M","VA",7
"Uriel",2009,"M","VA",7
"Uriah",2010,"M","VA",19
"Urijah",2010,"M","VA",5
"Uriah",2011,"M","VA",12
"Umar",2011,"M","VA",6
"Uriel",2011,"M","VA",6
"Uriah",2012,"M","VA",7
"Urijah",2012,"M","VA",6
"Umar",2012,"M","VA",5
"Uriel",2012,"M","VA",5
"Uriah",2013,"M","VA",11
"Uriah",2014,"M","VA",20
"Uriel",2014,"M","VA",6
"Umar",2014,"M","VA",5
"Unique",1997,"F","WA",5
"Uma",2010,"F","WA",7
"Unique",2010,"F","WA",5
"Uriel",1997,"M","WA",5
"Uriel",1998,"M","WA",12
"Ulises",1998,"M","WA",6
"Uriel",1999,"M","WA",12
"Uriah",1999,"M","WA",6
"Ulises",2000,"M","WA",11
"Uriel",2000,"M","WA",11
"Ulysses",2000,"M","WA",6
"Ulises",2001,"M","WA",12
"Uriel",2001,"M","WA",12
"Uriah",2001,"M","WA",7
"Ulysses",2001,"M","WA",6
"Ulises",2002,"M","WA",12
"Uriel",2002,"M","WA",12
"Uriel",2003,"M","WA",11
"Ulises",2003,"M","WA",9
"Ulises",2004,"M","WA",12
"Uriel",2004,"M","WA",11
"Uriel",2005,"M","WA",15
"Ulises",2005,"M","WA",10
"Uriah",2005,"M","WA",7
"Uriel",2006,"M","WA",17
"Ulises",2006,"M","WA",15
"Ulysses",2006,"M","WA",7
"Uriel",2007,"M","WA",19
"Ulises",2007,"M","WA",9
"Uriel",2008,"M","WA",29
"Ulises",2008,"M","WA",8
"Uriah",2008,"M","WA",8
"Urijah",2008,"M","WA",8
"Ulysses",2008,"M","WA",7
"Uriel",2009,"M","WA",17
"Urijah",2009,"M","WA",17
"Uriah",2009,"M","WA",14
"Ulises",2009,"M","WA",8
"Uriel",2010,"M","WA",22
"Urijah",2010,"M","WA",15
"Uriah",2010,"M","WA",14
"Ulises",2010,"M","WA",9
"Ulysses",2010,"M","WA",6
"Uriah",2011,"M","WA",17
"Urijah",2011,"M","WA",15
"Uriel",2011,"M","WA",11
"Urijah",2012,"M","WA",16
"Uriah",2012,"M","WA",15
"Uriel",2012,"M","WA",10
"Ulises",2012,"M","WA",9
"Ulysses",2012,"M","WA",6
"Uriah",2013,"M","WA",29
"Uriel",2013,"M","WA",11
"Ulises",2013,"M","WA",9
"Urijah",2013,"M","WA",9
"Uriah",2014,"M","WA",24
"Uriel",2014,"M","WA",13
"Urijah",2014,"M","WA",13
"Ulises",2014,"M","WA",10
"Ulysses",2014,"M","WA",5
"Unique",2000,"F","WI",6
"Unique",2004,"F","WI",5
"Unique",2005,"F","WI",7
"Unique",2007,"F","WI",5
"Unique",2008,"F","WI",5
"Unique",2009,"F","WI",5
"Unique",2011,"F","WI",5
"Uriah",2000,"M","WI",5
"Uriel",2000,"M","WI",5
"Uriel",2002,"M","WI",6
"Uriel",2003,"M","WI",7
"Uriel",2004,"M","WI",9
"Uriel",2005,"M","WI",8
"Uriel",2006,"M","WI",10
"Uriel",2007,"M","WI",6
"Uriel",2008,"M","WI",10
"Ulises",2008,"M","WI",8
"Uriah",2008,"M","WI",7
"Urijah",2008,"M","WI",5
"Urijah",2009,"M","WI",10
"Uriel",2009,"M","WI",8
"Uriah",2009,"M","WI",7
"Ulysses",2009,"M","WI",6
"Uriah",2010,"M","WI",11
"Uriel",2010,"M","WI",9
"Urijah",2010,"M","WI",8
"Uriah",2011,"M","WI",13
"Ulises",2011,"M","WI",5
"Uriah",2012,"M","WI",9
"Ulises",2012,"M","WI",6
"Ulysses",2012,"M","WI",6
"Urijah",2012,"M","WI",5
"Ulises",2013,"M","WI",6
"Uriah",2013,"M","WI",5
"Urijah",2013,"M","WI",5
"Urijah",2014,"M","WI",10
"Ulysses",2014,"M","WI",5
"Uriel",2014,"M","WI",5
"Uriah",2009,"M","WV",5
"Uriah",2010,"M","WV",5
"Uriah",2012,"M","WV",9
"Uriah",2014,"M","WV",7
